GameSeed,GameName,Round,Event,Tick,Turn,PlayerCount,GameID,OrdinalPosition(Player-1 rank),OrdinalPosition(PlayerName-0),OrdinalPosition(Player-1),OrdinalPosition(Player-0),OrdinalPosition(Player-0 rank),OrdinalPosition(Player-2),OrdinalPosition(PlayerName-1),OrdinalPosition(Player-2 rank),OrdinalPosition(PlayerName-2),FinalScore(PlayerName-0),FinalScore(Player-1),FinalScore(Player-0),FinalScore(Player-2),FinalScore(PlayerName-1),FinalScore(PlayerName-2),PlayerType(PlayerType-1),PlayerType(PlayerType-0),PlayerType(PlayerType-2),Winner(PlayerIdx)
346665430,SushiGo,3,GAME_OVER,81,0,3,2,1,rheaPlayer,1,2,2,3,mctsPlayer,3,GroupAA MCTS Agent,rheaPlayer,47.0,41.0,34.0,mctsPlayer,GroupAA MCTS Agent,mctsPlayer,rheaPlayer,GroupAA MCTS Agent,1
879079583,SushiGo,3,GAME_OVER,82,0,3,3,1,GroupAA MCTS Agent,1,2,2,3,mctsPlayer,3,rheaPlayer,GroupAA MCTS Agent,46.0,36.0,31.0,mctsPlayer,rheaPlayer,mctsPlayer,GroupAA MCTS Agent,rheaPlayer,1
-619666105,SushiGo,3,GAME_OVER,82,0,3,4,2,GroupAA MCTS Agent,2,3,3,1,rheaPlayer,1,mctsPlayer,GroupAA MCTS Agent,52.0,45.0,55.0,rheaPlayer,mctsPlayer,rheaPlayer,GroupAA MCTS Agent,mctsPlayer,2
503938916,SushiGo,3,GAME_OVER,83,0,3,5,1,rheaPlayer,1,3,3,2,GroupAA MCTS Agent,2,mctsPlayer,rheaPlayer,45.0,42.0,43.0,GroupAA MCTS Agent,mctsPlayer,GroupAA MCTS Agent,rheaPlayer,mctsPlayer,1
-428737539,SushiGo,3,GAME_OVER,82,0,3,6,1,GroupAA MCTS Agent,1,3,3,2,mctsPlayer,2,rheaPlayer,GroupAA MCTS Agent,56.0,41.0,53.0,mctsPlayer,rheaPlayer,mctsPlayer,GroupAA MCTS Agent,rheaPlayer,1
-1745970416,SushiGo,3,GAME_OVER,84,0,3,7,3,mctsPlayer,3,1,1,2,rheaPlayer,2,GroupAA MCTS Agent,mctsPlayer,37.0,50.0,46.0,rheaPlayer,GroupAA MCTS Agent,rheaPlayer,mctsPlayer,GroupAA MCTS Agent,0
-1436161366,SushiGo,3,GAME_OVER,81,0,3,8,2,mctsPlayer,2,1,1,3,rheaPlayer,3,GroupAA MCTS Agent,mctsPlayer,42.0,54.0,30.0,rheaPlayer,GroupAA MCTS Agent,rheaPlayer,mctsPlayer,GroupAA MCTS Agent,0
-1151041315,SushiGo,3,GAME_OVER,81,0,3,9,3,rheaPlayer,3,2,2,1,GroupAA MCTS Agent,1,mctsPlayer,rheaPlayer,34.0,35.0,59.0,GroupAA MCTS Agent,mctsPlayer,GroupAA MCTS Agent,rheaPlayer,mctsPlayer,2
697067980,SushiGo,3,GAME_OVER,81,0,3,10,1,GroupAA MCTS Agent,1,3,3,2,mctsPlayer,2,rheaPlayer,GroupAA MCTS Agent,65.0,35.0,50.0,mctsPlayer,rheaPlayer,mctsPlayer,GroupAA MCTS Agent,rheaPlayer,1
1168140970,SushiGo,3,GAME_OVER,81,0,3,11,1,rheaPlayer,1,2,2,3,mctsPlayer,3,GroupAA MCTS Agent,rheaPlayer,44.0,44.0,36.0,mctsPlayer,GroupAA MCTS Agent,mctsPlayer,rheaPlayer,GroupAA MCTS Agent,1
-1491060889,SushiGo,3,GAME_OVER,81,0,3,12,3,rheaPlayer,3,1,1,2,GroupAA MCTS Agent,2,mctsPlayer,rheaPlayer,43.0,49.0,45.0,GroupAA MCTS Agent,mctsPlayer,GroupAA MCTS Agent,rheaPlayer,mctsPlayer,0
-1819802610,SushiGo,3,GAME_OVER,84,0,3,13,3,mctsPlayer,3,2,2,1,GroupAA MCTS Agent,1,rheaPlayer,mctsPlayer,38.0,45.0,46.0,GroupAA MCTS Agent,rheaPlayer,GroupAA MCTS Agent,mctsPlayer,rheaPlayer,2
-2121274456,SushiGo,3,GAME_OVER,82,0,3,14,2,rheaPlayer,2,3,3,1,GroupAA MCTS Agent,1,mctsPlayer,rheaPlayer,46.0,42.0,46.0,GroupAA MCTS Agent,mctsPlayer,GroupAA MCTS Agent,rheaPlayer,mctsPlayer,2
259280696,SushiGo,3,GAME_OVER,82,0,3,15,1,rheaPlayer,1,3,3,2,mctsPlayer,2,GroupAA MCTS Agent,rheaPlayer,48.0,39.0,44.0,mctsPlayer,GroupAA MCTS Agent,mctsPlayer,rheaPlayer,GroupAA MCTS Agent,1
1706137030,SushiGo,3,GAME_OVER,82,0,3,16,1,GroupAA MCTS Agent,1,2,2,3,mctsPlayer,3,rheaPlayer,GroupAA MCTS Agent,51.0,51.0,31.0,mctsPlayer,rheaPlayer,mctsPlayer,GroupAA MCTS Agent,rheaPlayer,1
545138396,SushiGo,3,GAME_OVER,81,0,3,17,3,mctsPlayer,3,1,1,2,GroupAA MCTS Agent,2,rheaPlayer,mctsPlayer,41.0,59.0,49.0,GroupAA MCTS Agent,rheaPlayer,GroupAA MCTS Agent,mctsPlayer,rheaPlayer,0
1376458976,SushiGo,3,GAME_OVER,84,0,3,18,3,GroupAA MCTS Agent,3,1,1,2,rheaPlayer,2,mctsPlayer,GroupAA MCTS Agent,36.0,46.0,45.0,rheaPlayer,mctsPlayer,rheaPlayer,GroupAA MCTS Agent,mctsPlayer,0
1195311045,SushiGo,3,GAME_OVER,81,0,3,19,1,GroupAA MCTS Agent,1,3,3,2,mctsPlayer,2,rheaPlayer,GroupAA MCTS Agent,53.0,34.0,43.0,mctsPlayer,rheaPlayer,mctsPlayer,GroupAA MCTS Agent,rheaPlayer,1
813477029,SushiGo,3,GAME_OVER,82,0,3,20,1,rheaPlayer,1,3,3,2,mctsPlayer,2,GroupAA MCTS Agent,rheaPlayer,45.0,39.0,43.0,mctsPlayer,GroupAA MCTS Agent,mctsPlayer,rheaPlayer,GroupAA MCTS Agent,1
-1466178614,SushiGo,3,GAME_OVER,81,0,3,21,1,rheaPlayer,1,2,2,3,mctsPlayer,3,GroupAA MCTS Agent,rheaPlayer,54.0,46.0,45.0,mctsPlayer,GroupAA MCTS Agent,mctsPlayer,rheaPlayer,GroupAA MCTS Agent,1
-118322159,SushiGo,3,GAME_OVER,83,0,3,22,1,GroupAA MCTS Agent,1,2,2,3,rheaPlayer,3,mctsPlayer,GroupAA MCTS Agent,51.0,44.0,42.0,rheaPlayer,mctsPlayer,rheaPlayer,GroupAA MCTS Agent,mctsPlayer,1
-1428166355,SushiGo,3,GAME_OVER,82,0,3,23,3,GroupAA MCTS Agent,3,1,1,2,rheaPlayer,2,mctsPlayer,GroupAA MCTS Agent,42.0,65.0,49.0,rheaPlayer,mctsPlayer,rheaPlayer,GroupAA MCTS Agent,mctsPlayer,0
1144294523,SushiGo,3,GAME_OVER,81,0,3,24,1,GroupAA MCTS Agent,1,3,3,2,mctsPlayer,2,rheaPlayer,GroupAA MCTS Agent,63.0,37.0,43.0,mctsPlayer,rheaPlayer,mctsPlayer,GroupAA MCTS Agent,rheaPlayer,1
2100098225,SushiGo,3,GAME_OVER,82,0,3,25,2,mctsPlayer,2,1,1,3,GroupAA MCTS Agent,3,rheaPlayer,mctsPlayer,51.0,55.0,36.0,GroupAA MCTS Agent,rheaPlayer,GroupAA MCTS Agent,mctsPlayer,rheaPlayer,0
23994827,SushiGo,3,GAME_OVER,81,0,3,26,3,mctsPlayer,3,1,1,2,rheaPlayer,2,GroupAA MCTS Agent,mctsPlayer,37.0,49.0,48.0,rheaPlayer,GroupAA MCTS Agent,rheaPlayer,mctsPlayer,GroupAA MCTS Agent,0
1662792176,SushiGo,3,GAME_OVER,84,0,3,27,2,GroupAA MCTS Agent,2,3,3,1,rheaPlayer,1,mctsPlayer,GroupAA MCTS Agent,46.0,40.0,51.0,rheaPlayer,mctsPlayer,rheaPlayer,GroupAA MCTS Agent,mctsPlayer,2
2013120665,SushiGo,3,GAME_OVER,82,0,3,28,3,GroupAA MCTS Agent,3,2,2,1,rheaPlayer,1,mctsPlayer,GroupAA MCTS Agent,29.0,31.0,48.0,rheaPlayer,mctsPlayer,rheaPlayer,GroupAA MCTS Agent,mctsPlayer,2
-1880183632,SushiGo,3,GAME_OVER,83,0,3,29,2,GroupAA MCTS Agent,2,3,3,1,rheaPlayer,1,mctsPlayer,GroupAA MCTS Agent,43.0,41.0,49.0,rheaPlayer,mctsPlayer,rheaPlayer,GroupAA MCTS Agent,mctsPlayer,2
-1377239692,SushiGo,3,GAME_OVER,81,0,3,30,1,GroupAA MCTS Agent,1,2,2,3,mctsPlayer,3,rheaPlayer,GroupAA MCTS Agent,47.0,47.0,39.0,mctsPlayer,rheaPlayer,mctsPlayer,GroupAA MCTS Agent,rheaPlayer,1
1795532617,SushiGo,3,GAME_OVER,82,0,3,31,3,rheaPlayer,3,2,2,1,GroupAA MCTS Agent,1,mctsPlayer,rheaPlayer,31.0,48.0,64.0,GroupAA MCTS Agent,mctsPlayer,GroupAA MCTS Agent,rheaPlayer,mctsPlayer,2
-1548656463,SushiGo,3,GAME_OVER,82,0,3,32,1,mctsPlayer,1,2,2,3,GroupAA MCTS Agent,3,rheaPlayer,mctsPlayer,52.0,50.0,39.0,GroupAA MCTS Agent,rheaPlayer,GroupAA MCTS Agent,mctsPlayer,rheaPlayer,1
-653656736,SushiGo,3,GAME_OVER,81,0,3,33,3,GroupAA MCTS Agent,3,1,1,2,rheaPlayer,2,mctsPlayer,GroupAA MCTS Agent,34.0,57.0,52.0,rheaPlayer,mctsPlayer,rheaPlayer,GroupAA MCTS Agent,mctsPlayer,0
-400394132,SushiGo,3,GAME_OVER,84,0,3,34,2,rheaPlayer,2,3,3,1,GroupAA MCTS Agent,1,mctsPlayer,rheaPlayer,47.0,41.0,54.0,GroupAA MCTS Agent,mctsPlayer,GroupAA MCTS Agent,rheaPlayer,mctsPlayer,2
-1422203009,SushiGo,3,GAME_OVER,82,0,3,35,3,GroupAA MCTS Agent,3,2,2,1,rheaPlayer,1,mctsPlayer,GroupAA MCTS Agent,40.0,42.0,50.0,rheaPlayer,mctsPlayer,rheaPlayer,GroupAA MCTS Agent,mctsPlayer,2
-1113178468,SushiGo,3,GAME_OVER,83,0,3,36,1,GroupAA MCTS Agent,1,3,3,2,mctsPlayer,2,rheaPlayer,GroupAA MCTS Agent,49.0,31.0,33.0,mctsPlayer,rheaPlayer,mctsPlayer,GroupAA MCTS Agent,rheaPlayer,1
-175367348,SushiGo,3,GAME_OVER,85,0,3,37,2,mctsPlayer,2,1,1,3,GroupAA MCTS Agent,3,rheaPlayer,mctsPlayer,53.0,62.0,52.0,GroupAA MCTS Agent,rheaPlayer,GroupAA MCTS Agent,mctsPlayer,rheaPlayer,0
1362911089,SushiGo,3,GAME_OVER,82,0,3,38,2,mctsPlayer,2,1,1,3,GroupAA MCTS Agent,3,rheaPlayer,mctsPlayer,50.0,53.0,41.0,GroupAA MCTS Agent,rheaPlayer,GroupAA MCTS Agent,mctsPlayer,rheaPlayer,0
-347120262,SushiGo,3,GAME_OVER,81,0,3,39,3,rheaPlayer,3,2,2,1,GroupAA MCTS Agent,1,mctsPlayer,rheaPlayer,41.0,42.0,46.0,GroupAA MCTS Agent,mctsPlayer,GroupAA MCTS Agent,rheaPlayer,mctsPlayer,2
1416514647,SushiGo,3,GAME_OVER,81,0,3,40,2,mctsPlayer,2,1,1,3,GroupAA MCTS Agent,3,rheaPlayer,mctsPlayer,48.0,50.0,38.0,GroupAA MCTS Agent,rheaPlayer,GroupAA MCTS Agent,mctsPlayer,rheaPlayer,0
-1570736736,SushiGo,3,GAME_OVER,82,0,3,41,2,mctsPlayer,2,1,1,3,GroupAA MCTS Agent,3,rheaPlayer,mctsPlayer,51.0,51.0,41.0,GroupAA MCTS Agent,rheaPlayer,GroupAA MCTS Agent,mctsPlayer,rheaPlayer,0
-1532681659,SushiGo,3,GAME_OVER,83,0,3,42,1,GroupAA MCTS Agent,1,3,3,2,mctsPlayer,2,rheaPlayer,GroupAA MCTS Agent,50.0,41.0,45.0,mctsPlayer,rheaPlayer,mctsPlayer,GroupAA MCTS Agent,rheaPlayer,1
2038358424,SushiGo,3,GAME_OVER,83,0,3,43,2,rheaPlayer,2,3,3,1,mctsPlayer,1,GroupAA MCTS Agent,rheaPlayer,49.0,48.0,54.0,mctsPlayer,GroupAA MCTS Agent,mctsPlayer,rheaPlayer,GroupAA MCTS Agent,2
1950377550,SushiGo,3,GAME_OVER,83,0,3,44,1,rheaPlayer,1,2,2,3,mctsPlayer,3,GroupAA MCTS Agent,rheaPlayer,52.0,40.0,37.0,mctsPlayer,GroupAA MCTS Agent,mctsPlayer,rheaPlayer,GroupAA MCTS Agent,1
-389679841,SushiGo,3,GAME_OVER,81,0,3,45,2,rheaPlayer,2,3,3,1,GroupAA MCTS Agent,1,mctsPlayer,rheaPlayer,36.0,34.0,58.0,GroupAA MCTS Agent,mctsPlayer,GroupAA MCTS Agent,rheaPlayer,mctsPlayer,2
-1652369011,SushiGo,3,GAME_OVER,83,0,3,46,1,rheaPlayer,1,3,3,2,mctsPlayer,2,GroupAA MCTS Agent,rheaPlayer,41.0,28.0,32.0,mctsPlayer,GroupAA MCTS Agent,mctsPlayer,rheaPlayer,GroupAA MCTS Agent,1
649728961,SushiGo,3,GAME_OVER,83,0,3,47,1,mctsPlayer,1,2,2,3,GroupAA MCTS Agent,3,rheaPlayer,mctsPlayer,58.0,51.0,43.0,GroupAA MCTS Agent,rheaPlayer,GroupAA MCTS Agent,mctsPlayer,rheaPlayer,1
1939385821,SushiGo,3,GAME_OVER,82,0,3,48,2,GroupAA MCTS Agent,2,3,3,1,rheaPlayer,1,mctsPlayer,GroupAA MCTS Agent,44.0,32.0,49.0,rheaPlayer,mctsPlayer,rheaPlayer,GroupAA MCTS Agent,mctsPlayer,2
-765151654,SushiGo,3,GAME_OVER,81,0,3,49,1,GroupAA MCTS Agent,1,3,3,2,mctsPlayer,2,rheaPlayer,GroupAA MCTS Agent,62.0,42.0,43.0,mctsPlayer,rheaPlayer,mctsPlayer,GroupAA MCTS Agent,rheaPlayer,1
-382843140,SushiGo,3,GAME_OVER,83,0,3,50,2,mctsPlayer,2,1,1,3,GroupAA MCTS Agent,3,rheaPlayer,mctsPlayer,44.0,46.0,32.0,GroupAA MCTS Agent,rheaPlayer,GroupAA MCTS Agent,mctsPlayer,rheaPlayer,0
1616233144,SushiGo,3,GAME_OVER,82,0,3,51,1,mctsPlayer,1,3,3,2,GroupAA MCTS Agent,2,rheaPlayer,mctsPlayer,47.0,41.0,42.0,GroupAA MCTS Agent,rheaPlayer,GroupAA MCTS Agent,mctsPlayer,rheaPlayer,1
-1825767405,SushiGo,3,GAME_OVER,84,0,3,52,3,mctsPlayer,3,1,1,2,GroupAA MCTS Agent,2,rheaPlayer,mctsPlayer,28.0,56.0,37.0,GroupAA MCTS Agent,rheaPlayer,GroupAA MCTS Agent,mctsPlayer,rheaPlayer,0
-1681345762,SushiGo,3,GAME_OVER,82,0,3,53,3,GroupAA MCTS Agent,3,2,2,1,rheaPlayer,1,mctsPlayer,GroupAA MCTS Agent,38.0,43.0,43.0,rheaPlayer,mctsPlayer,rheaPlayer,GroupAA MCTS Agent,mctsPlayer,2
-1466223696,SushiGo,3,GAME_OVER,84,0,3,54,1,rheaPlayer,1,3,3,2,mctsPlayer,2,GroupAA MCTS Agent,rheaPlayer,49.0,39.0,40.0,mctsPlayer,GroupAA MCTS Agent,mctsPlayer,rheaPlayer,GroupAA MCTS Agent,1
-898042700,SushiGo,3,GAME_OVER,83,0,3,55,1,GroupAA MCTS Agent,1,2,2,3,mctsPlayer,3,rheaPlayer,GroupAA MCTS Agent,59.0,39.0,34.0,mctsPlayer,rheaPlayer,mctsPlayer,GroupAA MCTS Agent,rheaPlayer,1
-622095176,SushiGo,3,GAME_OVER,82,0,3,56,3,mctsPlayer,3,1,1,2,rheaPlayer,2,GroupAA MCTS Agent,mctsPlayer,40.0,60.0,50.0,rheaPlayer,GroupAA MCTS Agent,rheaPlayer,mctsPlayer,GroupAA MCTS Agent,0
-1621553363,SushiGo,3,GAME_OVER,83,0,3,57,1,mctsPlayer,1,2,2,3,GroupAA MCTS Agent,3,rheaPlayer,mctsPlayer,58.0,51.0,38.0,GroupAA MCTS Agent,rheaPlayer,GroupAA MCTS Agent,mctsPlayer,rheaPlayer,1
2021511387,SushiGo,3,GAME_OVER,82,0,3,58,3,rheaPlayer,3,2,2,1,GroupAA MCTS Agent,1,mctsPlayer,rheaPlayer,39.0,41.0,49.0,GroupAA MCTS Agent,mctsPlayer,GroupAA MCTS Agent,rheaPlayer,mctsPlayer,2
-1677040338,SushiGo,3,GAME_OVER,81,0,3,59,1,GroupAA MCTS Agent,1,2,2,3,mctsPlayer,3,rheaPlayer,GroupAA MCTS Agent,58.0,48.0,39.0,mctsPlayer,rheaPlayer,mctsPlayer,GroupAA MCTS Agent,rheaPlayer,1
1955989905,SushiGo,3,GAME_OVER,82,0,3,60,3,mctsPlayer,3,2,2,1,rheaPlayer,1,GroupAA MCTS Agent,mctsPlayer,34.0,50.0,54.0,rheaPlayer,GroupAA MCTS Agent,rheaPlayer,mctsPlayer,GroupAA MCTS Agent,2
-1876231119,SushiGo,3,GAME_OVER,83,0,3,61,3,mctsPlayer,3,1,1,2,GroupAA MCTS Agent,2,rheaPlayer,mctsPlayer,37.0,53.0,42.0,GroupAA MCTS Agent,rheaPlayer,GroupAA MCTS Agent,mctsPlayer,rheaPlayer,0
-1294795098,SushiGo,3,GAME_OVER,82,0,3,62,1,rheaPlayer,1,3,3,2,mctsPlayer,2,GroupAA MCTS Agent,rheaPlayer,54.0,34.0,45.0,mctsPlayer,GroupAA MCTS Agent,mctsPlayer,rheaPlayer,GroupAA MCTS Agent,1
127372284,SushiGo,3,GAME_OVER,82,0,3,63,2,GroupAA MCTS Agent,2,1,1,3,mctsPlayer,3,rheaPlayer,GroupAA MCTS Agent,45.0,54.0,41.0,mctsPlayer,rheaPlayer,mctsPlayer,GroupAA MCTS Agent,rheaPlayer,0
-991207967,SushiGo,3,GAME_OVER,82,0,3,64,3,mctsPlayer,3,1,1,2,rheaPlayer,2,GroupAA MCTS Agent,mctsPlayer,33.0,47.0,35.0,rheaPlayer,GroupAA MCTS Agent,rheaPlayer,mctsPlayer,GroupAA MCTS Agent,0
1049258221,SushiGo,3,GAME_OVER,81,0,3,65,2,mctsPlayer,2,1,1,3,rheaPlayer,3,GroupAA MCTS Agent,mctsPlayer,43.0,60.0,32.0,rheaPlayer,GroupAA MCTS Agent,rheaPlayer,mctsPlayer,GroupAA MCTS Agent,0
-2039767727,SushiGo,3,GAME_OVER,81,0,3,66,1,mctsPlayer,1,2,2,3,GroupAA MCTS Agent,3,rheaPlayer,mctsPlayer,63.0,45.0,44.0,GroupAA MCTS Agent,rheaPlayer,GroupAA MCTS Agent,mctsPlayer,rheaPlayer,1
1908179359,SushiGo,3,GAME_OVER,81,0,3,67,1,rheaPlayer,1,2,2,3,GroupAA MCTS Agent,3,mctsPlayer,rheaPlayer,60.0,42.0,39.0,GroupAA MCTS Agent,mctsPlayer,GroupAA MCTS Agent,rheaPlayer,mctsPlayer,1
1115136563,SushiGo,3,GAME_OVER,83,0,3,68,3,GroupAA MCTS Agent,3,2,2,1,rheaPlayer,1,mctsPlayer,GroupAA MCTS Agent,36.0,45.0,46.0,rheaPlayer,mctsPlayer,rheaPlayer,GroupAA MCTS Agent,mctsPlayer,2
-1493045323,SushiGo,3,GAME_OVER,82,0,3,69,2,GroupAA MCTS Agent,2,1,1,3,mctsPlayer,3,rheaPlayer,GroupAA MCTS Agent,41.0,49.0,38.0,mctsPlayer,rheaPlayer,mctsPlayer,GroupAA MCTS Agent,rheaPlayer,0
-394703714,SushiGo,3,GAME_OVER,82,0,3,70,2,GroupAA MCTS Agent,2,3,3,1,rheaPlayer,1,mctsPlayer,GroupAA MCTS Agent,46.0,44.0,50.0,rheaPlayer,mctsPlayer,rheaPlayer,GroupAA MCTS Agent,mctsPlayer,2
-432712488,SushiGo,3,GAME_OVER,82,0,3,71,3,mctsPlayer,3,1,1,2,GroupAA MCTS Agent,2,rheaPlayer,mctsPlayer,45.0,55.0,52.0,GroupAA MCTS Agent,rheaPlayer,GroupAA MCTS Agent,mctsPlayer,rheaPlayer,0
491282519,SushiGo,3,GAME_OVER,81,0,3,72,1,mctsPlayer,1,2,2,3,GroupAA MCTS Agent,3,rheaPlayer,mctsPlayer,44.0,41.0,38.0,GroupAA MCTS Agent,rheaPlayer,GroupAA MCTS Agent,mctsPlayer,rheaPlayer,1
-884033504,SushiGo,3,GAME_OVER,84,0,3,73,3,GroupAA MCTS Agent,3,2,2,1,rheaPlayer,1,mctsPlayer,GroupAA MCTS Agent,35.0,45.0,52.0,rheaPlayer,mctsPlayer,rheaPlayer,GroupAA MCTS Agent,mctsPlayer,2
991772015,SushiGo,3,GAME_OVER,82,0,3,74,2,mctsPlayer,2,1,1,3,rheaPlayer,3,GroupAA MCTS Agent,mctsPlayer,37.0,53.0,29.0,rheaPlayer,GroupAA MCTS Agent,rheaPlayer,mctsPlayer,GroupAA MCTS Agent,0
-835279488,SushiGo,3,GAME_OVER,81,0,3,75,1,rheaPlayer,1,2,2,3,mctsPlayer,3,GroupAA MCTS Agent,rheaPlayer,58.0,50.0,46.0,mctsPlayer,GroupAA MCTS Agent,mctsPlayer,rheaPlayer,GroupAA MCTS Agent,1
288423849,SushiGo,3,GAME_OVER,82,0,3,76,2,mctsPlayer,2,1,1,3,GroupAA MCTS Agent,3,rheaPlayer,mctsPlayer,59.0,60.0,36.0,GroupAA MCTS Agent,rheaPlayer,GroupAA MCTS Agent,mctsPlayer,rheaPlayer,0
306462715,SushiGo,3,GAME_OVER,83,0,3,77,1,mctsPlayer,1,2,2,3,GroupAA MCTS Agent,3,rheaPlayer,mctsPlayer,58.0,47.0,31.0,GroupAA MCTS Agent,rheaPlayer,GroupAA MCTS Agent,mctsPlayer,rheaPlayer,1
-1595934290,SushiGo,3,GAME_OVER,84,0,3,78,2,rheaPlayer,2,3,3,1,GroupAA MCTS Agent,1,mctsPlayer,rheaPlayer,44.0,43.0,50.0,GroupAA MCTS Agent,mctsPlayer,GroupAA MCTS Agent,rheaPlayer,mctsPlayer,2
372545689,SushiGo,3,GAME_OVER,81,0,3,79,2,rheaPlayer,2,3,3,1,mctsPlayer,1,GroupAA MCTS Agent,rheaPlayer,53.0,38.0,55.0,mctsPlayer,GroupAA MCTS Agent,mctsPlayer,rheaPlayer,GroupAA MCTS Agent,2
-1791317608,SushiGo,3,GAME_OVER,83,0,3,80,2,rheaPlayer,2,3,3,1,GroupAA MCTS Agent,1,mctsPlayer,rheaPlayer,37.0,34.0,48.0,GroupAA MCTS Agent,mctsPlayer,GroupAA MCTS Agent,rheaPlayer,mctsPlayer,2
594493312,SushiGo,3,GAME_OVER,82,0,3,81,3,GroupAA MCTS Agent,3,2,2,1,rheaPlayer,1,mctsPlayer,GroupAA MCTS Agent,41.0,44.0,45.0,rheaPlayer,mctsPlayer,rheaPlayer,GroupAA MCTS Agent,mctsPlayer,2
1375946348,SushiGo,3,GAME_OVER,85,0,3,82,2,rheaPlayer,2,3,3,1,GroupAA MCTS Agent,1,mctsPlayer,rheaPlayer,47.0,44.0,49.0,GroupAA MCTS Agent,mctsPlayer,GroupAA MCTS Agent,rheaPlayer,mctsPlayer,2
-1004766817,SushiGo,3,GAME_OVER,82,0,3,83,2,rheaPlayer,2,3,3,1,mctsPlayer,1,GroupAA MCTS Agent,rheaPlayer,41.0,35.0,51.0,mctsPlayer,GroupAA MCTS Agent,mctsPlayer,rheaPlayer,GroupAA MCTS Agent,2
714044006,SushiGo,3,GAME_OVER,84,0,3,84,2,mctsPlayer,2,1,1,3,GroupAA MCTS Agent,3,rheaPlayer,mctsPlayer,55.0,64.0,52.0,GroupAA MCTS Agent,rheaPlayer,GroupAA MCTS Agent,mctsPlayer,rheaPlayer,0
1418075335,SushiGo,3,GAME_OVER,83,0,3,85,3,rheaPlayer,3,2,2,1,GroupAA MCTS Agent,1,mctsPlayer,rheaPlayer,33.0,35.0,61.0,GroupAA MCTS Agent,mctsPlayer,GroupAA MCTS Agent,rheaPlayer,mctsPlayer,2
1141736524,SushiGo,3,GAME_OVER,82,0,3,86,2,rheaPlayer,2,3,3,1,GroupAA MCTS Agent,1,mctsPlayer,rheaPlayer,44.0,38.0,49.0,GroupAA MCTS Agent,mctsPlayer,GroupAA MCTS Agent,rheaPlayer,mctsPlayer,2
443981092,SushiGo,3,GAME_OVER,81,0,3,87,2,rheaPlayer,2,3,3,1,GroupAA MCTS Agent,1,mctsPlayer,rheaPlayer,39.0,26.0,50.0,GroupAA MCTS Agent,mctsPlayer,GroupAA MCTS Agent,rheaPlayer,mctsPlayer,2
-68629972,SushiGo,3,GAME_OVER,82,0,3,88,3,GroupAA MCTS Agent,3,2,2,1,rheaPlayer,1,mctsPlayer,GroupAA MCTS Agent,39.0,41.0,50.0,rheaPlayer,mctsPlayer,rheaPlayer,GroupAA MCTS Agent,mctsPlayer,2
1822990971,SushiGo,3,GAME_OVER,83,0,3,89,3,rheaPlayer,3,2,2,1,GroupAA MCTS Agent,1,mctsPlayer,rheaPlayer,39.0,46.0,56.0,GroupAA MCTS Agent,mctsPlayer,GroupAA MCTS Agent,rheaPlayer,mctsPlayer,2
268448290,SushiGo,3,GAME_OVER,83,0,3,90,2,rheaPlayer,2,3,3,1,GroupAA MCTS Agent,1,mctsPlayer,rheaPlayer,44.0,36.0,55.0,GroupAA MCTS Agent,mctsPlayer,GroupAA MCTS Agent,rheaPlayer,mctsPlayer,2
1043028123,SushiGo,3,GAME_OVER,83,0,3,91,3,mctsPlayer,3,2,2,1,rheaPlayer,1,GroupAA MCTS Agent,mctsPlayer,25.0,50.0,58.0,rheaPlayer,GroupAA MCTS Agent,rheaPlayer,mctsPlayer,GroupAA MCTS Agent,2
-1199211999,SushiGo,3,GAME_OVER,82,0,3,92,3,rheaPlayer,3,1,1,2,mctsPlayer,2,GroupAA MCTS Agent,rheaPlayer,43.0,47.0,44.0,mctsPlayer,GroupAA MCTS Agent,mctsPlayer,rheaPlayer,GroupAA MCTS Agent,0
1398271441,SushiGo,3,GAME_OVER,83,0,3,93,2,mctsPlayer,2,1,1,3,GroupAA MCTS Agent,3,rheaPlayer,mctsPlayer,50.0,54.0,37.0,GroupAA MCTS Agent,rheaPlayer,GroupAA MCTS Agent,mctsPlayer,rheaPlayer,0
648115670,SushiGo,3,GAME_OVER,83,0,3,94,3,mctsPlayer,3,2,2,1,GroupAA MCTS Agent,1,rheaPlayer,mctsPlayer,40.0,46.0,50.0,GroupAA MCTS Agent,rheaPlayer,GroupAA MCTS Agent,mctsPlayer,rheaPlayer,2
1962877811,SushiGo,3,GAME_OVER,81,0,3,95,3,mctsPlayer,3,1,1,2,rheaPlayer,2,GroupAA MCTS Agent,mctsPlayer,38.0,49.0,44.0,rheaPlayer,GroupAA MCTS Agent,rheaPlayer,mctsPlayer,GroupAA MCTS Agent,0
-1960070630,SushiGo,3,GAME_OVER,84,0,3,96,1,GroupAA MCTS Agent,1,3,3,2,mctsPlayer,2,rheaPlayer,GroupAA MCTS Agent,50.0,39.0,40.0,mctsPlayer,rheaPlayer,mctsPlayer,GroupAA MCTS Agent,rheaPlayer,1
36358070,SushiGo,3,GAME_OVER,83,0,3,97,3,mctsPlayer,3,2,2,1,rheaPlayer,1,GroupAA MCTS Agent,mctsPlayer,40.0,45.0,52.0,rheaPlayer,GroupAA MCTS Agent,rheaPlayer,mctsPlayer,GroupAA MCTS Agent,2
375050126,SushiGo,3,GAME_OVER,84,0,3,98,1,rheaPlayer,1,2,2,3,mctsPlayer,3,GroupAA MCTS Agent,rheaPlayer,46.0,44.0,36.0,mctsPlayer,GroupAA MCTS Agent,mctsPlayer,rheaPlayer,GroupAA MCTS Agent,1
1468478823,SushiGo,3,GAME_OVER,84,0,3,99,3,mctsPlayer,3,1,1,2,rheaPlayer,2,GroupAA MCTS Agent,mctsPlayer,36.0,46.0,45.0,rheaPlayer,GroupAA MCTS Agent,rheaPlayer,mctsPlayer,GroupAA MCTS Agent,0
-218109356,SushiGo,3,GAME_OVER,83,0,3,100,3,mctsPlayer,3,2,2,1,rheaPlayer,1,GroupAA MCTS Agent,mctsPlayer,42.0,42.0,44.0,rheaPlayer,GroupAA MCTS Agent,rheaPlayer,mctsPlayer,GroupAA MCTS Agent,2
-3023545,SushiGo,3,GAME_OVER,83,0,3,101,2,rheaPlayer,2,3,3,1,mctsPlayer,1,GroupAA MCTS Agent,rheaPlayer,49.0,36.0,52.0,mctsPlayer,GroupAA MCTS Agent,mctsPlayer,rheaPlayer,GroupAA MCTS Agent,2
1504533260,SushiGo,3,GAME_OVER,82,0,3,102,3,GroupAA MCTS Agent,3,1,1,2,rheaPlayer,2,mctsPlayer,GroupAA MCTS Agent,33.0,47.0,45.0,rheaPlayer,mctsPlayer,rheaPlayer,GroupAA MCTS Agent,mctsPlayer,0
731461140,SushiGo,3,GAME_OVER,84,0,3,103,1,rheaPlayer,1,3,3,2,mctsPlayer,2,GroupAA MCTS Agent,rheaPlayer,62.0,43.0,46.0,mctsPlayer,GroupAA MCTS Agent,mctsPlayer,rheaPlayer,GroupAA MCTS Agent,1
-784229007,SushiGo,3,GAME_OVER,81,0,3,104,3,GroupAA MCTS Agent,3,2,2,1,rheaPlayer,1,mctsPlayer,GroupAA MCTS Agent,50.0,54.0,54.0,rheaPlayer,mctsPlayer,rheaPlayer,GroupAA MCTS Agent,mctsPlayer,2
-1136489594,SushiGo,3,GAME_OVER,81,0,3,105,1,GroupAA MCTS Agent,1,3,3,2,mctsPlayer,2,rheaPlayer,GroupAA MCTS Agent,53.0,43.0,43.0,mctsPlayer,rheaPlayer,mctsPlayer,GroupAA MCTS Agent,rheaPlayer,1
-362921133,SushiGo,3,GAME_OVER,81,0,3,106,3,mctsPlayer,3,2,2,1,rheaPlayer,1,GroupAA MCTS Agent,mctsPlayer,33.0,43.0,48.0,rheaPlayer,GroupAA MCTS Agent,rheaPlayer,mctsPlayer,GroupAA MCTS Agent,2
1364054475,SushiGo,3,GAME_OVER,83,0,3,107,2,mctsPlayer,2,1,1,3,GroupAA MCTS Agent,3,rheaPlayer,mctsPlayer,52.0,61.0,45.0,GroupAA MCTS Agent,rheaPlayer,GroupAA MCTS Agent,mctsPlayer,rheaPlayer,0
814423744,SushiGo,3,GAME_OVER,83,0,3,108,3,rheaPlayer,3,2,2,1,GroupAA MCTS Agent,1,mctsPlayer,rheaPlayer,38.0,46.0,54.0,GroupAA MCTS Agent,mctsPlayer,GroupAA MCTS Agent,rheaPlayer,mctsPlayer,2
1075196489,SushiGo,3,GAME_OVER,82,0,3,109,2,rheaPlayer,2,3,3,1,mctsPlayer,1,GroupAA MCTS Agent,rheaPlayer,51.0,44.0,57.0,mctsPlayer,GroupAA MCTS Agent,mctsPlayer,rheaPlayer,GroupAA MCTS Agent,2
-1568387951,SushiGo,3,GAME_OVER,82,0,3,110,3,mctsPlayer,3,1,1,2,rheaPlayer,2,GroupAA MCTS Agent,mctsPlayer,41.0,43.0,42.0,rheaPlayer,GroupAA MCTS Agent,rheaPlayer,mctsPlayer,GroupAA MCTS Agent,0
-1781053528,SushiGo,3,GAME_OVER,81,0,3,111,1,GroupAA MCTS Agent,1,3,3,2,mctsPlayer,2,rheaPlayer,GroupAA MCTS Agent,51.0,39.0,42.0,mctsPlayer,rheaPlayer,mctsPlayer,GroupAA MCTS Agent,rheaPlayer,1
-1606283071,SushiGo,3,GAME_OVER,81,0,3,112,2,mctsPlayer,2,1,1,3,GroupAA MCTS Agent,3,rheaPlayer,mctsPlayer,51.0,52.0,26.0,GroupAA MCTS Agent,rheaPlayer,GroupAA MCTS Agent,mctsPlayer,rheaPlayer,0
-543735179,SushiGo,3,GAME_OVER,83,0,3,113,1,mctsPlayer,1,3,3,2,GroupAA MCTS Agent,2,rheaPlayer,mctsPlayer,43.0,40.0,41.0,GroupAA MCTS Agent,rheaPlayer,GroupAA MCTS Agent,mctsPlayer,rheaPlayer,1
1674156088,SushiGo,3,GAME_OVER,84,0,3,114,3,mctsPlayer,3,2,2,1,rheaPlayer,1,GroupAA MCTS Agent,mctsPlayer,40.0,45.0,48.0,rheaPlayer,GroupAA MCTS Agent,rheaPlayer,mctsPlayer,GroupAA MCTS Agent,2
166348003,SushiGo,3,GAME_OVER,81,0,3,115,2,rheaPlayer,2,3,3,1,mctsPlayer,1,GroupAA MCTS Agent,rheaPlayer,43.0,40.0,44.0,mctsPlayer,GroupAA MCTS Agent,mctsPlayer,rheaPlayer,GroupAA MCTS Agent,2
-1111867417,SushiGo,3,GAME_OVER,82,0,3,116,1,rheaPlayer,1,3,3,2,mctsPlayer,2,GroupAA MCTS Agent,rheaPlayer,41.0,30.0,36.0,mctsPlayer,GroupAA MCTS Agent,mctsPlayer,rheaPlayer,GroupAA MCTS Agent,1
-1814791316,SushiGo,3,GAME_OVER,81,0,3,117,2,mctsPlayer,2,1,1,3,GroupAA MCTS Agent,3,rheaPlayer,mctsPlayer,35.0,39.0,31.0,GroupAA MCTS Agent,rheaPlayer,GroupAA MCTS Agent,mctsPlayer,rheaPlayer,0
-1933375635,SushiGo,3,GAME_OVER,81,0,3,118,2,GroupAA MCTS Agent,2,3,3,1,rheaPlayer,1,mctsPlayer,GroupAA MCTS Agent,55.0,52.0,77.0,rheaPlayer,mctsPlayer,rheaPlayer,GroupAA MCTS Agent,mctsPlayer,2
-427253403,SushiGo,3,GAME_OVER,82,0,3,119,3,mctsPlayer,3,1,1,2,GroupAA MCTS Agent,2,rheaPlayer,mctsPlayer,34.0,54.0,44.0,GroupAA MCTS Agent,rheaPlayer,GroupAA MCTS Agent,mctsPlayer,rheaPlayer,0
-194714209,SushiGo,3,GAME_OVER,82,0,3,120,2,mctsPlayer,2,1,1,3,rheaPlayer,3,GroupAA MCTS Agent,mctsPlayer,41.0,45.0,41.0,rheaPlayer,GroupAA MCTS Agent,rheaPlayer,mctsPlayer,GroupAA MCTS Agent,0
-2069492797,SushiGo,3,GAME_OVER,84,0,3,121,3,GroupAA MCTS Agent,3,2,2,1,rheaPlayer,1,mctsPlayer,GroupAA MCTS Agent,36.0,54.0,54.0,rheaPlayer,mctsPlayer,rheaPlayer,GroupAA MCTS Agent,mctsPlayer,2
-1770987610,SushiGo,3,GAME_OVER,82,0,3,122,1,rheaPlayer,1,3,3,2,mctsPlayer,2,GroupAA MCTS Agent,rheaPlayer,56.0,46.0,56.0,mctsPlayer,GroupAA MCTS Agent,mctsPlayer,rheaPlayer,GroupAA MCTS Agent,1
803393950,SushiGo,3,GAME_OVER,81,0,3,123,1,rheaPlayer,1,3,3,2,GroupAA MCTS Agent,2,mctsPlayer,rheaPlayer,58.0,47.0,49.0,GroupAA MCTS Agent,mctsPlayer,GroupAA MCTS Agent,rheaPlayer,mctsPlayer,1
729978769,SushiGo,3,GAME_OVER,85,0,3,124,3,GroupAA MCTS Agent,3,1,1,2,rheaPlayer,2,mctsPlayer,GroupAA MCTS Agent,34.0,43.0,34.0,rheaPlayer,mctsPlayer,rheaPlayer,GroupAA MCTS Agent,mctsPlayer,0
1696041272,SushiGo,3,GAME_OVER,82,0,3,125,1,mctsPlayer,1,3,3,2,GroupAA MCTS Agent,2,rheaPlayer,mctsPlayer,50.0,43.0,45.0,GroupAA MCTS Agent,rheaPlayer,GroupAA MCTS Agent,mctsPlayer,rheaPlayer,1
-820865651,SushiGo,3,GAME_OVER,83,0,3,126,1,rheaPlayer,1,3,3,2,mctsPlayer,2,GroupAA MCTS Agent,rheaPlayer,51.0,32.0,50.0,mctsPlayer,GroupAA MCTS Agent,mctsPlayer,rheaPlayer,GroupAA MCTS Agent,1
1274945941,SushiGo,3,GAME_OVER,81,0,3,127,1,rheaPlayer,1,2,2,3,mctsPlayer,3,GroupAA MCTS Agent,rheaPlayer,50.0,43.0,41.0,mctsPlayer,GroupAA MCTS Agent,mctsPlayer,rheaPlayer,GroupAA MCTS Agent,1
309225253,SushiGo,3,GAME_OVER,81,0,3,128,1,mctsPlayer,1,2,2,3,rheaPlayer,3,GroupAA MCTS Agent,mctsPlayer,49.0,47.0,39.0,rheaPlayer,GroupAA MCTS Agent,rheaPlayer,mctsPlayer,GroupAA MCTS Agent,1
-211487773,SushiGo,3,GAME_OVER,82,0,3,129,1,GroupAA MCTS Agent,1,2,2,3,mctsPlayer,3,rheaPlayer,GroupAA MCTS Agent,55.0,47.0,42.0,mctsPlayer,rheaPlayer,mctsPlayer,GroupAA MCTS Agent,rheaPlayer,1
900850219,SushiGo,3,GAME_OVER,83,0,3,130,3,mctsPlayer,3,1,1,2,rheaPlayer,2,GroupAA MCTS Agent,mctsPlayer,42.0,56.0,50.0,rheaPlayer,GroupAA MCTS Agent,rheaPlayer,mctsPlayer,GroupAA MCTS Agent,0
656084288,SushiGo,3,GAME_OVER,82,0,3,131,2,rheaPlayer,2,3,3,1,mctsPlayer,1,GroupAA MCTS Agent,rheaPlayer,39.0,30.0,54.0,mctsPlayer,GroupAA MCTS Agent,mctsPlayer,rheaPlayer,GroupAA MCTS Agent,2
-654510776,SushiGo,3,GAME_OVER,81,0,3,132,2,mctsPlayer,2,1,1,3,GroupAA MCTS Agent,3,rheaPlayer,mctsPlayer,49.0,51.0,34.0,GroupAA MCTS Agent,rheaPlayer,GroupAA MCTS Agent,mctsPlayer,rheaPlayer,0
367540394,SushiGo,3,GAME_OVER,81,0,3,133,2,rheaPlayer,2,3,3,1,GroupAA MCTS Agent,1,mctsPlayer,rheaPlayer,41.0,32.0,52.0,GroupAA MCTS Agent,mctsPlayer,GroupAA MCTS Agent,rheaPlayer,mctsPlayer,2
157779522,SushiGo,3,GAME_OVER,86,0,3,134,3,GroupAA MCTS Agent,3,1,1,2,rheaPlayer,2,mctsPlayer,GroupAA MCTS Agent,38.0,49.0,39.0,rheaPlayer,mctsPlayer,rheaPlayer,GroupAA MCTS Agent,mctsPlayer,0
-742897131,SushiGo,3,GAME_OVER,82,0,3,135,3,GroupAA MCTS Agent,3,1,1,2,rheaPlayer,2,mctsPlayer,GroupAA MCTS Agent,37.0,50.0,45.0,rheaPlayer,mctsPlayer,rheaPlayer,GroupAA MCTS Agent,mctsPlayer,0
936541807,SushiGo,3,GAME_OVER,82,0,3,136,3,GroupAA MCTS Agent,3,2,2,1,rheaPlayer,1,mctsPlayer,GroupAA MCTS Agent,44.0,45.0,46.0,rheaPlayer,mctsPlayer,rheaPlayer,GroupAA MCTS Agent,mctsPlayer,2
1110959865,SushiGo,3,GAME_OVER,81,0,3,137,2,GroupAA MCTS Agent,2,3,3,1,rheaPlayer,1,mctsPlayer,GroupAA MCTS Agent,48.0,47.0,52.0,rheaPlayer,mctsPlayer,rheaPlayer,GroupAA MCTS Agent,mctsPlayer,2
-492937223,SushiGo,3,GAME_OVER,81,0,3,138,1,rheaPlayer,1,2,2,3,GroupAA MCTS Agent,3,mctsPlayer,rheaPlayer,43.0,42.0,42.0,GroupAA MCTS Agent,mctsPlayer,GroupAA MCTS Agent,rheaPlayer,mctsPlayer,1
-1127983648,SushiGo,3,GAME_OVER,82,0,3,139,2,rheaPlayer,2,3,3,1,GroupAA MCTS Agent,1,mctsPlayer,rheaPlayer,47.0,43.0,63.0,GroupAA MCTS Agent,mctsPlayer,GroupAA MCTS Agent,rheaPlayer,mctsPlayer,2
-650173733,SushiGo,3,GAME_OVER,81,0,3,140,2,GroupAA MCTS Agent,2,3,3,1,rheaPlayer,1,mctsPlayer,GroupAA MCTS Agent,47.0,40.0,48.0,rheaPlayer,mctsPlayer,rheaPlayer,GroupAA MCTS Agent,mctsPlayer,2
-1567683149,SushiGo,3,GAME_OVER,82,0,3,141,1,rheaPlayer,1,3,3,2,mctsPlayer,2,GroupAA MCTS Agent,rheaPlayer,48.0,39.0,46.0,mctsPlayer,GroupAA MCTS Agent,mctsPlayer,rheaPlayer,GroupAA MCTS Agent,1
968865470,SushiGo,3,GAME_OVER,82,0,3,142,1,mctsPlayer,1,2,2,3,GroupAA MCTS Agent,3,rheaPlayer,mctsPlayer,53.0,48.0,37.0,GroupAA MCTS Agent,rheaPlayer,GroupAA MCTS Agent,mctsPlayer,rheaPlayer,1
2002296535,SushiGo,3,GAME_OVER,81,0,3,143,1,rheaPlayer,1,2,2,3,mctsPlayer,3,GroupAA MCTS Agent,rheaPlayer,59.0,49.0,43.0,mctsPlayer,GroupAA MCTS Agent,mctsPlayer,rheaPlayer,GroupAA MCTS Agent,1
375451423,SushiGo,3,GAME_OVER,84,0,3,144,1,rheaPlayer,1,2,2,3,mctsPlayer,3,GroupAA MCTS Agent,rheaPlayer,51.0,35.0,33.0,mctsPlayer,GroupAA MCTS Agent,mctsPlayer,rheaPlayer,GroupAA MCTS Agent,1
-2103348381,SushiGo,3,GAME_OVER,83,0,3,145,2,rheaPlayer,2,3,3,1,mctsPlayer,1,GroupAA MCTS Agent,rheaPlayer,53.0,42.0,57.0,mctsPlayer,GroupAA MCTS Agent,mctsPlayer,rheaPlayer,GroupAA MCTS Agent,2
1342038375,SushiGo,3,GAME_OVER,81,0,3,146,1,GroupAA MCTS Agent,1,2,2,3,mctsPlayer,3,rheaPlayer,GroupAA MCTS Agent,50.0,45.0,38.0,mctsPlayer,rheaPlayer,mctsPlayer,GroupAA MCTS Agent,rheaPlayer,1
1400281323,SushiGo,3,GAME_OVER,81,0,3,147,3,GroupAA MCTS Agent,3,1,1,2,rheaPlayer,2,mctsPlayer,GroupAA MCTS Agent,40.0,52.0,41.0,rheaPlayer,mctsPlayer,rheaPlayer,GroupAA MCTS Agent,mctsPlayer,0
-96507681,SushiGo,3,GAME_OVER,83,0,3,148,2,rheaPlayer,2,3,3,1,GroupAA MCTS Agent,1,mctsPlayer,rheaPlayer,51.0,32.0,54.0,GroupAA MCTS Agent,mctsPlayer,GroupAA MCTS Agent,rheaPlayer,mctsPlayer,2
528391606,SushiGo,3,GAME_OVER,82,0,3,149,3,rheaPlayer,3,2,2,1,GroupAA MCTS Agent,1,mctsPlayer,rheaPlayer,46.0,48.0,54.0,GroupAA MCTS Agent,mctsPlayer,GroupAA MCTS Agent,rheaPlayer,mctsPlayer,2
580954778,SushiGo,3,GAME_OVER,83,0,3,150,2,rheaPlayer,2,3,3,1,GroupAA MCTS Agent,1,mctsPlayer,rheaPlayer,35.0,30.0,37.0,GroupAA MCTS Agent,mctsPlayer,GroupAA MCTS Agent,rheaPlayer,mctsPlayer,2
-638561184,SushiGo,3,GAME_OVER,81,0,3,151,2,rheaPlayer,2,3,3,1,GroupAA MCTS Agent,1,mctsPlayer,rheaPlayer,51.0,34.0,52.0,GroupAA MCTS Agent,mctsPlayer,GroupAA MCTS Agent,rheaPlayer,mctsPlayer,2
-41114663,SushiGo,3,GAME_OVER,84,0,3,152,1,rheaPlayer,1,3,3,2,GroupAA MCTS Agent,2,mctsPlayer,rheaPlayer,52.0,47.0,49.0,GroupAA MCTS Agent,mctsPlayer,GroupAA MCTS Agent,rheaPlayer,mctsPlayer,1
-380019667,SushiGo,3,GAME_OVER,81,0,3,153,1,GroupAA MCTS Agent,1,3,3,2,rheaPlayer,2,mctsPlayer,GroupAA MCTS Agent,48.0,37.0,39.0,rheaPlayer,mctsPlayer,rheaPlayer,GroupAA MCTS Agent,mctsPlayer,1
-1450633361,SushiGo,3,GAME_OVER,81,0,3,154,1,GroupAA MCTS Agent,1,3,3,2,mctsPlayer,2,rheaPlayer,GroupAA MCTS Agent,64.0,49.0,49.0,mctsPlayer,rheaPlayer,mctsPlayer,GroupAA MCTS Agent,rheaPlayer,1
640379295,SushiGo,3,GAME_OVER,83,0,3,155,3,rheaPlayer,3,2,2,1,mctsPlayer,1,GroupAA MCTS Agent,rheaPlayer,40.0,41.0,44.0,mctsPlayer,GroupAA MCTS Agent,mctsPlayer,rheaPlayer,GroupAA MCTS Agent,2
-1644944599,SushiGo,3,GAME_OVER,81,0,3,156,3,mctsPlayer,3,1,1,2,GroupAA MCTS Agent,2,rheaPlayer,mctsPlayer,41.0,50.0,42.0,GroupAA MCTS Agent,rheaPlayer,GroupAA MCTS Agent,mctsPlayer,rheaPlayer,0
1899022862,SushiGo,3,GAME_OVER,82,0,3,157,1,GroupAA MCTS Agent,1,2,2,3,mctsPlayer,3,rheaPlayer,GroupAA MCTS Agent,42.0,35.0,34.0,mctsPlayer,rheaPlayer,mctsPlayer,GroupAA MCTS Agent,rheaPlayer,1
1155036243,SushiGo,3,GAME_OVER,81,0,3,158,3,mctsPlayer,3,1,1,2,rheaPlayer,2,GroupAA MCTS Agent,mctsPlayer,29.0,42.0,42.0,rheaPlayer,GroupAA MCTS Agent,rheaPlayer,mctsPlayer,GroupAA MCTS Agent,0
1174818378,SushiGo,3,GAME_OVER,82,0,3,159,1,GroupAA MCTS Agent,1,3,3,2,mctsPlayer,2,rheaPlayer,GroupAA MCTS Agent,46.0,35.0,40.0,mctsPlayer,rheaPlayer,mctsPlayer,GroupAA MCTS Agent,rheaPlayer,1
60820168,SushiGo,3,GAME_OVER,82,0,3,160,3,mctsPlayer,3,1,1,2,GroupAA MCTS Agent,2,rheaPlayer,mctsPlayer,44.0,48.0,45.0,GroupAA MCTS Agent,rheaPlayer,GroupAA MCTS Agent,mctsPlayer,rheaPlayer,0
-1431110757,SushiGo,3,GAME_OVER,81,0,3,161,2,mctsPlayer,2,1,1,3,GroupAA MCTS Agent,3,rheaPlayer,mctsPlayer,44.0,55.0,41.0,GroupAA MCTS Agent,rheaPlayer,GroupAA MCTS Agent,mctsPlayer,rheaPlayer,0
906021935,SushiGo,3,GAME_OVER,82,0,3,162,3,GroupAA MCTS Agent,3,2,2,1,rheaPlayer,1,mctsPlayer,GroupAA MCTS Agent,35.0,51.0,53.0,rheaPlayer,mctsPlayer,rheaPlayer,GroupAA MCTS Agent,mctsPlayer,2
-1642764399,SushiGo,3,GAME_OVER,81,0,3,163,2,rheaPlayer,2,3,3,1,mctsPlayer,1,GroupAA MCTS Agent,rheaPlayer,43.0,35.0,46.0,mctsPlayer,GroupAA MCTS Agent,mctsPlayer,rheaPlayer,GroupAA MCTS Agent,2
1260479829,SushiGo,3,GAME_OVER,82,0,3,164,1,rheaPlayer,1,2,2,3,mctsPlayer,3,GroupAA MCTS Agent,rheaPlayer,53.0,47.0,43.0,mctsPlayer,GroupAA MCTS Agent,mctsPlayer,rheaPlayer,GroupAA MCTS Agent,1
1535167110,SushiGo,3,GAME_OVER,81,0,3,165,3,rheaPlayer,3,2,2,1,GroupAA MCTS Agent,1,mctsPlayer,rheaPlayer,37.0,38.0,48.0,GroupAA MCTS Agent,mctsPlayer,GroupAA MCTS Agent,rheaPlayer,mctsPlayer,2
-62706232,SushiGo,3,GAME_OVER,81,0,3,166,3,GroupAA MCTS Agent,3,1,1,2,rheaPlayer,2,mctsPlayer,GroupAA MCTS Agent,37.0,50.0,39.0,rheaPlayer,mctsPlayer,rheaPlayer,GroupAA MCTS Agent,mctsPlayer,0
1844342211,SushiGo,3,GAME_OVER,81,0,3,167,3,mctsPlayer,3,1,1,2,GroupAA MCTS Agent,2,rheaPlayer,mctsPlayer,37.0,48.0,44.0,GroupAA MCTS Agent,rheaPlayer,GroupAA MCTS Agent,mctsPlayer,rheaPlayer,0
-1183809001,SushiGo,3,GAME_OVER,83,0,3,168,3,GroupAA MCTS Agent,3,2,2,1,rheaPlayer,1,mctsPlayer,GroupAA MCTS Agent,34.0,40.0,40.0,rheaPlayer,mctsPlayer,rheaPlayer,GroupAA MCTS Agent,mctsPlayer,2
-1216514653,SushiGo,3,GAME_OVER,81,0,3,169,2,mctsPlayer,2,3,3,1,rheaPlayer,1,GroupAA MCTS Agent,mctsPlayer,40.0,39.0,46.0,rheaPlayer,GroupAA MCTS Agent,rheaPlayer,mctsPlayer,GroupAA MCTS Agent,2
-1107139736,SushiGo,3,GAME_OVER,81,0,3,170,2,rheaPlayer,2,3,3,1,mctsPlayer,1,GroupAA MCTS Agent,rheaPlayer,46.0,39.0,60.0,mctsPlayer,GroupAA MCTS Agent,mctsPlayer,rheaPlayer,GroupAA MCTS Agent,2
2089678120,SushiGo,3,GAME_OVER,85,0,3,171,2,rheaPlayer,2,3,3,1,mctsPlayer,1,GroupAA MCTS Agent,rheaPlayer,45.0,38.0,47.0,mctsPlayer,GroupAA MCTS Agent,mctsPlayer,rheaPlayer,GroupAA MCTS Agent,2
1468444482,SushiGo,3,GAME_OVER,83,0,3,172,3,rheaPlayer,3,2,2,1,GroupAA MCTS Agent,1,mctsPlayer,rheaPlayer,35.0,39.0,40.0,GroupAA MCTS Agent,mctsPlayer,GroupAA MCTS Agent,rheaPlayer,mctsPlayer,2
1833699295,SushiGo,3,GAME_OVER,81,0,3,173,1,GroupAA MCTS Agent,1,3,3,2,mctsPlayer,2,rheaPlayer,GroupAA MCTS Agent,41.0,33.0,41.0,mctsPlayer,rheaPlayer,mctsPlayer,GroupAA MCTS Agent,rheaPlayer,1
-979959618,SushiGo,3,GAME_OVER,81,0,3,174,1,GroupAA MCTS Agent,1,2,2,3,mctsPlayer,3,rheaPlayer,GroupAA MCTS Agent,52.0,52.0,42.0,mctsPlayer,rheaPlayer,mctsPlayer,GroupAA MCTS Agent,rheaPlayer,1
1229729805,SushiGo,3,GAME_OVER,81,0,3,175,3,rheaPlayer,3,2,2,1,GroupAA MCTS Agent,1,mctsPlayer,rheaPlayer,39.0,44.0,74.0,GroupAA MCTS Agent,mctsPlayer,GroupAA MCTS Agent,rheaPlayer,mctsPlayer,2
-211626887,SushiGo,3,GAME_OVER,81,0,3,176,2,rheaPlayer,2,3,3,1,GroupAA MCTS Agent,1,mctsPlayer,rheaPlayer,39.0,32.0,54.0,GroupAA MCTS Agent,mctsPlayer,GroupAA MCTS Agent,rheaPlayer,mctsPlayer,2
566737520,SushiGo,3,GAME_OVER,82,0,3,177,2,GroupAA MCTS Agent,2,3,3,1,rheaPlayer,1,mctsPlayer,GroupAA MCTS Agent,45.0,42.0,46.0,rheaPlayer,mctsPlayer,rheaPlayer,GroupAA MCTS Agent,mctsPlayer,2
-608441598,SushiGo,3,GAME_OVER,81,0,3,178,1,mctsPlayer,1,3,3,2,GroupAA MCTS Agent,2,rheaPlayer,mctsPlayer,63.0,42.0,47.0,GroupAA MCTS Agent,rheaPlayer,GroupAA MCTS Agent,mctsPlayer,rheaPlayer,1
-946651617,SushiGo,3,GAME_OVER,83,0,3,179,2,GroupAA MCTS Agent,2,3,3,1,rheaPlayer,1,mctsPlayer,GroupAA MCTS Agent,35.0,29.0,43.0,rheaPlayer,mctsPlayer,rheaPlayer,GroupAA MCTS Agent,mctsPlayer,2
-782323308,SushiGo,3,GAME_OVER,84,0,3,180,3,GroupAA MCTS Agent,3,2,2,1,rheaPlayer,1,mctsPlayer,GroupAA MCTS Agent,34.0,48.0,51.0,rheaPlayer,mctsPlayer,rheaPlayer,GroupAA MCTS Agent,mctsPlayer,2
1550042701,SushiGo,3,GAME_OVER,82,0,3,181,1,GroupAA MCTS Agent,1,3,3,2,mctsPlayer,2,rheaPlayer,GroupAA MCTS Agent,47.0,39.0,46.0,mctsPlayer,rheaPlayer,mctsPlayer,GroupAA MCTS Agent,rheaPlayer,1
-1317486756,SushiGo,3,GAME_OVER,83,0,3,182,2,rheaPlayer,2,3,3,1,mctsPlayer,1,GroupAA MCTS Agent,rheaPlayer,43.0,33.0,47.0,mctsPlayer,GroupAA MCTS Agent,mctsPlayer,rheaPlayer,GroupAA MCTS Agent,2
735747324,SushiGo,3,GAME_OVER,82,0,3,183,1,mctsPlayer,1,2,2,3,GroupAA MCTS Agent,3,rheaPlayer,mctsPlayer,43.0,40.0,32.0,GroupAA MCTS Agent,rheaPlayer,GroupAA MCTS Agent,mctsPlayer,rheaPlayer,1
-86850142,SushiGo,3,GAME_OVER,81,0,3,184,3,GroupAA MCTS Agent,3,1,1,2,mctsPlayer,2,rheaPlayer,GroupAA MCTS Agent,42.0,54.0,45.0,mctsPlayer,rheaPlayer,mctsPlayer,GroupAA MCTS Agent,rheaPlayer,0
-1271768864,SushiGo,3,GAME_OVER,82,0,3,185,1,GroupAA MCTS Agent,1,3,3,2,mctsPlayer,2,rheaPlayer,GroupAA MCTS Agent,48.0,35.0,40.0,mctsPlayer,rheaPlayer,mctsPlayer,GroupAA MCTS Agent,rheaPlayer,1
-102646906,SushiGo,3,GAME_OVER,82,0,3,186,3,rheaPlayer,3,2,2,1,GroupAA MCTS Agent,1,mctsPlayer,rheaPlayer,35.0,42.0,44.0,GroupAA MCTS Agent,mctsPlayer,GroupAA MCTS Agent,rheaPlayer,mctsPlayer,2
-57635321,SushiGo,3,GAME_OVER,82,0,3,187,3,mctsPlayer,3,1,1,2,rheaPlayer,2,GroupAA MCTS Agent,mctsPlayer,31.0,46.0,39.0,rheaPlayer,GroupAA MCTS Agent,rheaPlayer,mctsPlayer,GroupAA MCTS Agent,0
-631037391,SushiGo,3,GAME_OVER,84,0,3,188,3,GroupAA MCTS Agent,3,2,2,1,rheaPlayer,1,mctsPlayer,GroupAA MCTS Agent,40.0,42.0,44.0,rheaPlayer,mctsPlayer,rheaPlayer,GroupAA MCTS Agent,mctsPlayer,2
488218618,SushiGo,3,GAME_OVER,81,0,3,189,2,rheaPlayer,2,3,3,1,GroupAA MCTS Agent,1,mctsPlayer,rheaPlayer,42.0,38.0,56.0,GroupAA MCTS Agent,mctsPlayer,GroupAA MCTS Agent,rheaPlayer,mctsPlayer,2
-1889858385,SushiGo,3,GAME_OVER,82,0,3,190,3,mctsPlayer,3,1,1,2,rheaPlayer,2,GroupAA MCTS Agent,mctsPlayer,40.0,50.0,43.0,rheaPlayer,GroupAA MCTS Agent,rheaPlayer,mctsPlayer,GroupAA MCTS Agent,0
-623671941,SushiGo,3,GAME_OVER,81,0,3,191,1,mctsPlayer,1,2,2,3,GroupAA MCTS Agent,3,rheaPlayer,mctsPlayer,58.0,53.0,42.0,GroupAA MCTS Agent,rheaPlayer,GroupAA MCTS Agent,mctsPlayer,rheaPlayer,1
187674316,SushiGo,3,GAME_OVER,82,0,3,192,1,mctsPlayer,1,2,2,3,GroupAA MCTS Agent,3,rheaPlayer,mctsPlayer,49.0,47.0,36.0,GroupAA MCTS Agent,rheaPlayer,GroupAA MCTS Agent,mctsPlayer,rheaPlayer,1
834216199,SushiGo,3,GAME_OVER,82,0,3,193,2,rheaPlayer,2,3,3,1,GroupAA MCTS Agent,1,mctsPlayer,rheaPlayer,44.0,43.0,52.0,GroupAA MCTS Agent,mctsPlayer,GroupAA MCTS Agent,rheaPlayer,mctsPlayer,2
1921493154,SushiGo,3,GAME_OVER,82,0,3,194,3,rheaPlayer,3,1,1,2,GroupAA MCTS Agent,2,mctsPlayer,rheaPlayer,49.0,54.0,53.0,GroupAA MCTS Agent,mctsPlayer,GroupAA MCTS Agent,rheaPlayer,mctsPlayer,0
174782146,SushiGo,3,GAME_OVER,82,0,3,195,3,GroupAA MCTS Agent,3,2,2,1,rheaPlayer,1,mctsPlayer,GroupAA MCTS Agent,36.0,49.0,59.0,rheaPlayer,mctsPlayer,rheaPlayer,GroupAA MCTS Agent,mctsPlayer,2
-87646011,SushiGo,3,GAME_OVER,83,0,3,196,2,mctsPlayer,2,1,1,3,GroupAA MCTS Agent,3,rheaPlayer,mctsPlayer,47.0,50.0,39.0,GroupAA MCTS Agent,rheaPlayer,GroupAA MCTS Agent,mctsPlayer,rheaPlayer,0
1609617282,SushiGo,3,GAME_OVER,83,0,3,197,3,GroupAA MCTS Agent,3,1,1,2,rheaPlayer,2,mctsPlayer,GroupAA MCTS Agent,39.0,55.0,44.0,rheaPlayer,mctsPlayer,rheaPlayer,GroupAA MCTS Agent,mctsPlayer,0
1760171303,SushiGo,3,GAME_OVER,81,0,3,198,1,mctsPlayer,1,1,1,3,GroupAA MCTS Agent,3,rheaPlayer,mctsPlayer,48.0,48.0,37.0,GroupAA MCTS Agent,rheaPlayer,GroupAA MCTS Agent,mctsPlayer,rheaPlayer,-1
-141553145,SushiGo,3,GAME_OVER,84,0,3,199,1,GroupAA MCTS Agent,1,3,3,2,mctsPlayer,2,rheaPlayer,GroupAA MCTS Agent,55.0,38.0,48.0,mctsPlayer,rheaPlayer,mctsPlayer,GroupAA MCTS Agent,rheaPlayer,1
1449143091,SushiGo,3,GAME_OVER,81,0,3,200,1,mctsPlayer,1,2,2,3,GroupAA MCTS Agent,3,rheaPlayer,mctsPlayer,48.0,45.0,36.0,GroupAA MCTS Agent,rheaPlayer,GroupAA MCTS Agent,mctsPlayer,rheaPlayer,1
-954296662,SushiGo,3,GAME_OVER,84,0,3,201,3,mctsPlayer,3,1,1,2,GroupAA MCTS Agent,2,rheaPlayer,mctsPlayer,37.0,48.0,47.0,GroupAA MCTS Agent,rheaPlayer,GroupAA MCTS Agent,mctsPlayer,rheaPlayer,0
